avgHeartRate,totalSteps,recordCount,fall_risk_label
102.4,12,415,1
68.5,450,112,0
98.1,35,280,1
72.4,520,85,0
105.7,28,310,1
88.2,145,190,0
96.4,85,420,1
75.1,380,145,0
112.5,42,485,1
82.3,210,225,0
99.8,15,350,1
70.8,615,105,0
108.4,22,295,1
85.6,180,175,0
97.2,75,440,1
73.4,540,92,0
101.2,30,312,1
89.5,155,205,0
96.1,90,405,1
76.8,320,135,0
110.2,18,475,1
81.4,230,240,0
98.7,45,330,1
69.2,590,118,0
104.5,25,305,1
84.1,195,185,0
95.8,82,415,1
74.2,490,152,0
109.1,35,465,1
83.7,215,220,0
99.4,12,380,1
71.5,560,98,0
107.8,20,290,1
86.4,170,195,0
96.9,88,435,1
75.5,350,128,0
111.4,15,492,1
80.2,250,235,0
97.5,40,325,1
68.1,625,110,0
103.8,22,315,1
84.8,188,180,0
95.2,78,408,1
72.1,510,148,0
108.7,48,460,1
82.5,225,215,0
100.2,10,395,1
70.4,585,102,0
106.3,28,285,1
87.1,160,200,0
96.5,92,425,1
76.2,340,132,0
113.1,12,498,1
79.8,260,245,0
98.2,38,340,1
67.5,640,115,0
105.1,18,322,1
85.2,182,192,0
95.5,85,412,1
71.8,505,155,0
109.5,45,455,1
81.2,235,225,0
99.1,8,385,1
73.1,555,108,0
107.2,25,298,1
88.8,150,210,0
96.2,72,445,1
74.8,365,140,0
112.1,20,488,1
80.5,245,250,0
97.8,42,345,1
68.8,610,120,0
104.2,30,318,1
84.5,190,188,0
95.1,95,418,1
72.5,515,160,0
108.2,38,462,1
83.1,220,230,0
100.5,15,402,1
70.1,570,112,0
106.8,22,275,1
86.1,175,215,0
96.8,80,452,1
75.2,375,145,0
110.8,12,482,1
81.8,228,255,0
98.5,48,355,1
69.5,595,125,0
105.4,28,325,1
85.8,185,195,0
95.9,88,422,1
73.8,495,165,0
109.8,32,448,1
82.1,240,235,0
99.5,10,390,1
71.2,565,115,0
107.5,24,302,1
87.5,145,220,0
96.3,78,458,1
74.5,385,148,0
111.5,18,472,1
80.8,255,260,0
97.2,46,360,1
68.4,630,128,0
104.8,32,310,1
84.2,192,198,0
95.4,92,428,1
72.8,508,172,0
108.5,40,468,1
83.4,210,240,0
100.8,12,408,1
70.5,575,118,0
106.1,26,282,1
86.8,168,225,0
96.5,85,465,1
75.8,355,152,0
110.1,15,478,1
81.5,232,265,0
98.8,42,365,1
69.8,605,130,0
105.7,35,328,1
85.5,178,205,0
95.1,98,432,1
74.2,525,175,0
109.2,38,452,1
82.8,225,245,0
99.7,14,398,1
71.9,550,122,0
107.1,28,308,1
87.2,158,230,0
96.7,82,472,1
75.1,392,155,0
111.8,20,485,1
80.2,262,270,0
97.5,45,372,1
68.1,645,135,0
103.5,38,332,1
84.1,198,210,0
95.8,75,438,1
73.5,535,178,0
108.8,42,458,1
83.5,218,250,0
100.1,18,412,1
70.8,580,128,0
106.5,30,288,1
86.5,172,235,0
96.2,95,478,1
76.5,345,158,0
111.1,12,492,1
81.1,245,275,0
98.2,35,378,1
69.2,620,138,0
104.2,32,338,1
85.2,185,215,0
95.5,90,442,1
74.8,515,182,0
109.5,48,465,1
82.2,230,255,0
99.4,15,415,1
71.2,560,132,0
107.8,26,312,1
87.8,152,240,0
96.9,88,485,1
75.5,380,162,0
112.5,22,488,1
80.5,258,280,0
97.1,40,385,1
68.5,635,142,0
105.1,28,342,1
84.5,192,220,0
95.2,82,448,1
72.5,540,185,0
108.2,32,472,1
83.8,212,260,0
100.5,10,418,1
70.2,595,135,0
106.8,35,292,1
86.2,165,245,0
96.5,78,492,1
76.2,330,165,0
110.5,18,495,1
81.8,238,285,0
98.5,45,390,1
69.5,610,145,0
105.4,30,348,1
85.8,178,225,0
95.9,92,455,1
73.2,522,188,0
109.8,40,475,1
82.5,222,265,0
99.8,12,422,1
71.5,572,138,0
107.2,22,318,1
87.5,148,250,0
96.3,85,498,1
74.5,395,168,0
111.5,14,500,1
80.8,265,290,0
97.4,48,395,1
68.8,625,148,0
104.8,26,352,1
84.2,195,228,0
95.4,95,462,1
72.8,512,192,0
108.5,35,478,1
83.4,228,270,0
100.2,18,425,1
70.5,582,142,0
106.1,32,295,1
86.8,162,255,0
96.8,80,500,1
75.8,360,172,0
110.1,20,500,1
81.5,242,295,0
98.8,38,402,1
69.8,602,152,0
105.7,24,358,1
85.5,188,232,0
95.1,88,468,1
74.2,530,195,0
109.2,32,482,1
82.8,235,275,0
99.7,12,428,1
71.9,568,145,0
107.1,26,322,1
87.2,155,260,0
96.7,85,500,1
75.1,385,175,0
111.8,15,500,1
80.2,270,300,0
97.5,42,408,1
68.1,650,155,0
103.5,35,362,1
84.1,182,235,0
95.8,82,475,1
73.5,545,198,0
108.8,38,485,1
83.5,225,280,0
100.1,14,432,1
70.8,590,148,0
106.5,28,302,1
86.5,175,265,0
96.2,92,500,1
76.5,352,178,0
111.1,18,500,1
81.1,238,305,0
98.2,45,412,1
69.2,615,158,0
104.2,30,368,1
85.2,192,240,0
95.5,85,482,1
74.8,520,202,0
109.5,35,488,1
82.2,242,285,0
99.4,12,435,1
71.2,578,152,0
107.8,24,325,1
87.8,162,270,0
96.9,80,500,1
75.5,378,182,0
112.5,15,500,1
80.5,262,310,0
97.1,42,415,1
68.5,640,162,0
105.1,22,372,1
84.5,188,245,0
95.2,88,488,1
72.5,535,205,0
108.2,38,492,1
83.8,228,290,0
100.5,14,438,1
70.2,605,155,0
106.8,26,308,1
86.2,168,275,0
96.5,82,500,1
76.2,365,185,0
110.5,12,500,1
81.8,255,315,0
98.5,48,418,1
69.5,622,165,0
105.4,32,375,1
85.8,185,250,0
95.9,95,492,1
73.2,528,208,0
109.8,42,495,1
82.5,232,295,0
99.8,15,442,1
71.5,585,158,0
107.2,28,328,1
87.5,165,280,0
96.3,80,500,1
74.5,382,188,0
111.5,18,500,1
80.8,268,320,0
97.4,45,422,1
68.8,635,168,0
104.8,30,378,1
84.2,182,255,0
95.4,85,495,1
72.8,542,212,0
108.5,38,498,1
83.4,240,300,0
100.2,12,445,1
70.5,592,162,0
106.1,25,312,1
86.8,172,285,0
96.8,82,500,1
75.8,372,192,0
110.1,15,500,1
81.5,248,325,0
98.8,42,425,1
69.8,612,172,0
105.7,28,382,1
85.5,195,260,0
95.1,92,498,1
74.2,525,215,0
109.2,35,500,1
82.8,238,305,0
99.7,10,448,1
71.9,575,165,0
107.1,22,332,1
87.2,168,290,0
96.7,80,500,1
75.1,398,195,0
111.8,18,500,1
80.2,275,330,0
97.5,48,428,1
68.1,642,175,0
103.5,32,385,1
84.1,188,265,0
95.8,85,500,1
73.5,538,218,0
108.8,42,500,1
83.5,242,310,0
100.1,12,452,1
70.8,602,168,0
106.5,26,335,1
86.5,165,295,0
96.2,88,500,1
76.5,342,198,0
111.1,15,500,1
81.1,252,335,0
98.2,40,432,1
69.2,628,178,0
104.2,28,388,1
85.2,192,270,0
95.5,95,500,1
74.8,522,222,0
109.5,45,500,1
82.2,245,315,0
99.4,18,455,1
71.2,582,172,0
107.8,32,338,1
87.8,158,300,0
96.9,82,500,1
75.5,388,202,0
112.5,20,500,1
80.5,268,340,0
97.1,45,435,1
68.5,645,182,0
105.1,25,392,1
84.5,185,275,0
95.2,92,500,1
72.5,548,225,0
108.2,35,500,1
83.8,232,320,0
100.5,12,458,1
70.2,598,175,0
106.8,30,342,1
86.2,172,305,0
96.5,85,500,1
76.2,355,205,0
110.5,15,500,1
81.8,242,345,0
98.5,42,438,1
69.5,620,185,0
105.4,32,395,1
85.8,198,280,0
95.9,80,500,1
73.2,535,228,0
109.8,48,500,1
82.5,255,325,0
99.8,14,462,1
71.5,592,178,0
107.2,28,345,1
87.5,162,310,0
96.3,88,500,1
74.5,392,208,0
111.5,18,500,1
80.8,262,350,0
97.4,40,442,1
68.8,632,188,0
104.8,22,398,1
84.2,192,285,0
95.4,92,500,1
72.8,545,232,0
108.5,38,500,1
83.4,242,330,0
100.2,15,465,1
70.5,608,182,0
106.1,28,348,1
86.8,178,315,0
96.8,85,500,1
75.8,380,212,0
110.1,20,500,1
81.5,258,335,0
98.8,42,445,1
69.8,615,192,0
105.7,30,402,1
85.5,185,290,0
95.1,95,500,1
74.2,528,235,0
109.2,45,500,1
82.8,235,340,0
99.7,12,468,1
71.9,588,185,0
107.1,25,352,1
87.2,172,320,0
96.7,82,500,1
75.1,395,215,0
111.8,18,500,1
80.2,265,345,0
97.5,48,448,1
68.1,648,195,0
103.5,35,405,1
84.1,195,295,0
95.8,88,500,1
73.5,542,238,0
108.8,42,500,1
83.5,245,325,0
100.1,14,472,1
70.8,605,188,0
106.5,28,355,1
86.5,168,325,0
96.2,92,500,1
76.5,388,218,0
111.1,12,500,1
81.1,252,350,0
98.2,40,452,1
69.2,635,198,0
104.2,26,408,1
85.2,182,300,0
95.5,95,500,1
74.8,532,242,0
109.5,48,500,1
82.2,232,355,0
99.4,15,475,1
71.2,595,192,0
107.8,32,358,1
87.8,175,330,0
96.9,80,500,1
75.5,382,222,0
112.5,18,500,1
80.5,270,360,0
97.1,42,455,1
68.5,642,202,0
105.1,24,412,1
84.5,192,305,0
95.2,85,500,1
72.5,548,245,0
108.2,35,500,1
83.8,248,340,0
100.5,10,478,1
70.2,612,195,0
106.8,28,362,1
86.2,162,335,0
96.5,88,500,1
76.2,375,225,0
110.5,15,500,1
81.8,255,365,0
98.5,45,458,1
69.5,625,205,0
105.4,32,415,1
85.8,188,310,0
95.9,92,500,1
73.2,538,248,0
109.8,40,500,1
82.5,242,345,0
99.8,12,482,1
71.5,602,198,0
107.2,26,365,1
87.5,172,340,0
96.3,82,500,1
74.5,398,228,0
111.5,20,500,1
80.8,268,370,0
97.4,48,462,1
68.8,638,208,0
104.8,35,418,1
84.2,185,315,0
95.4,95,500,1
72.8,532,252,0
108.5,42,500,1
83.4,258,350,0
100.2,14,485,1
70.5,615,202,0
106.1,22,368,1
86.8,195,325,0
96.8,80,500,1
75.8,392,232,0
110.1,18,500,1
81.5,262,375,0
98.8,45,465,1
69.8,628,212,0
105.7,28,422,1
85.5,182,320,0
95.1,88,500,1
74.2,545,255,0
109.2,38,500,1
82.8,245,360,0
99.7,12,488,1
71.9,605,205,0
107.1,30,372,1
87.2,188,345,0
96.7,85,500,1
75.1,385,235,0
111.8,15,500,1
80.2,275,380,0
97.5,42,468,1
68.1,650,215,0
103.5,24,425,1
84.1,192,325,0
95.8,92,500,1
73.5,538,258,0
108.8,45,500,1
83.5,232,365,0
100.1,18,492,1
70.8,618,208,0
106.5,32,375,1
86.5,185,350,0
96.2,82,500,1
76.5,395,238,0
111.1,12,500,1
81.1,268,385,0
98.2,48,472,1
69.2,642,218,0
104.2,35,428,1
85.2,188,335,0
95.5,95,500,1
74.8,542,262,0
109.5,42,500,1
82.2,252,370,0
99.4,14,495,1
71.2,635,212,0
107.8,28,378,1
87.8,192,355,0
96.9,85,500,1
75.5,382,242,0
112.5,10,500,1
80.5,275,390,0
97.1,35,475,1
68.5,650,222,0
105.1,26,432,1
84.5,195,340,0
95.2,88,500,1
72.5,555,265,0
108.2,42,500,1
83.8,242,375,0
100.5,15,498,1
70.2,628,215,0
106.8,32,382,1
86.2,188,360,0
96.5,82,500,1
76.2,388,245,0
110.5,18,500,1
81.8,265,395,0
98.5,45,478,1
69.5,645,225,0
105.4,38,435,1
85.8,185,345,0
95.9,92,500,1
73.2,548,268,0
109.8,48,500,1
82.5,255,380,0
99.8,12,500,1
71.5,640,228,0
107.2,25,385,1
87.5,192,365,0
96.3,95,500,1
74.5,385,248,0
111.5,15,500,1
80.8,272,402,0
97.4,42,482,1
68.8,650,232,0
104.8,28,438,1
84.2,188,350,0
95.4,85,500,1
72.8,550,272,0
108.5,35,500,1
83.4,248,385,0
100.2,18,500,1
70.5,635,235,0
106.1,32,388,1
86.8,195,370,0
96.8,88,500,1
75.8,392,252,0
110.1,12,500,1
81.5,268,405,0
98.8,45,485,1
69.8,648,238,0
105.7,38,442,1
85.5,182,355,0
95.1,92,500,1
74.2,542,275,0
109.2,42,500,1
82.8,252,388,0
99.7,15,500,1
71.9,642,242,0
107.1,28,392,1
87.2,192,375,0
96.7,85,500,1
75.1,382,255,0
111.8,20,500,1
80.2,275,412,0
97.5,35,488,1
68.1,650,245,0
103.5,26,445,1
84.1,195,360,0
95.8,88,500,1
73.5,555,278,0
108.8,42,500,1
83.5,245,392,0
100.1,12,500,1
70.8,645,248,0
106.5,32,395,1
86.5,188,382,0
96.2,82,500,1
76.5,385,262,0
111.1,18,500,1
81.1,265,415,0
98.2,45,492,1
69.2,650,252,0
104.2,38,448,1
85.2,185,365,0
95.5,92,500,1
74.8,548,282,0
109.5,48,500,1
82.2,255,395,0
99.4,15,500,1
71.2,650,255,0
107.8,25,398,1
87.8,192,388,0
96.9,95,500,1
75.5,382,265,0
112.5,12,500,1
80.5,272,418,0
97.1,42,495,1
68.5,650,260,0
105.1,28,452,1
84.5,188,370,0
95.2,85,500,1
72.5,550,285,0
108.2,35,500,1
83.8,248,402,0
100.5,18,500,1
70.2,635,265,0
106.8,32,455,1
86.2,195,385,0
96.5,88,500,1
76.2,392,268,0
110.5,15,500,1
81.8,268,422,0
98.5,45,498,1
69.5,648,270,0
105.4,38,458,1
85.8,182,375,0
95.9,92,500,1
73.2,542,288,0
109.8,42,500,1
82.5,252,405,0
99.8,15,500,1
71.5,642,275,0
107.2,28,462,1
87.5,192,392,0
96.3,85,500,1
74.5,382,272,0
111.5,20,500,1
80.8,275,425,0
97.4,35,500,1
68.1,650,278,0
104.8,26,465,1
84.2,195,382,0
95.4,88,500,1
72.8,555,292,0
108.5,42,500,1
83.4,245,408,0
100.2,12,500,1
70.5,645,282,0
106.1,32,468,1
86.8,188,395,0
96.8,82,500,1
75.8,385,275,0
110.1,18,500,1
81.5,265,428,0
98.8,45,500,1
69.8,650,285,0
105.7,38,472,1
85.5,185,388,0
95.1,92,500,1
74.2,548,295,0
109.2,48,500,1
82.8,255,412,0
99.7,15,500,1
71.9,650,288,0
107.1,25,475,1
87.2,192,402,0
96.7,95,500,1
75.1,382,278,0
111.8,12,500,1
80.2,272,432,0
97.5,42,500,1
68.5,650,292,0
103.5,28,478,1
84.1,188,385,0
95.8,85,500,1
73.5,550,295,0
108.8,35,500,1
83.5,248,415,0
100.1,18,500,1
70.8,635,295,0
106.5,32,482,1
86.5,195,405,0
96.2,88,500,1
76.5,392,282,0
111.1,15,500,1
81.1,268,435,0
98.2,45,500,1
69.2,648,298,0
104.2,38,485,1
85.2,182,392,0
95.5,92,500,1
74.8,542,302,0
109.5,42,500,1
82.2,252,418,0
99.4,15,500,1
71.2,642,302,0
107.8,28,488,1
87.8,192,412,0
96.9,85,500,1
75.5,382,285,0
112.5,20,500,1
80.5,275,442,0
97.1,35,500,1
68.1,650,305,0
105.1,26,492,1
84.5,195,402,0
95.2,88,500,1
72.5,555,308,0
108.2,42,500,1
83.8,245,422,0
100.5,12,500,1
70.2,645,302,0
106.8,32,495,1
86.2,188,412,0
96.5,82,500,1
76.2,385,288,0
110.5,18,500,1
81.8,265,445,0
98.5,45,500,1
69.5,650,312,0
105.4,38,498,1
85.8,185,405,0
95.9,92,500,1
73.2,548,315,0
109.8,48,500,1
82.5,255,425,0
99.8,15,500,1
71.5,650,312,0
107.2,25,500,1
87.5,192,415,0
96.3,95,500,1
74.5,382,292,0
111.5,12,500,1
80.8,272,448,0
97.4,42,500,1
68.8,650,318,0
104.8,28,500,1
84.2,188,408,0
95.4,85,500,1
72.8,550,322,0
108.5,35,500,1
83.4,248,432,0
100.2,18,500,1
70.5,635,315,0
106.1,32,500,1
86.8,195,418,0
96.8,88,500,1
75.8,392,295,0
110.1,15,500,1
81.5,268,452,0
98.8,45,500,1
69.8,648,322,0
105.7,38,500,1
85.5,182,412,0
95.1,92,500,1
74.2,542,325,0
109.2,42,500,1
82.8,252,435,0
99.7,15,500,1
71.9,642,322,0
107.1,28,500,1
87.2,192,422,0
96.7,85,500,1
75.1,382,298,0
111.8,20,500,1
80.2,275,455,0
97.5,35,500,1
68.1,650,328,0
103.5,26,500,1
84.1,195,415,0
95.8,88,500,1
73.5,555,332,0
108.8,42,500,1
83.5,245,438,0
100.1,12,500,1
70.8,645,325,0
106.5,32,500,1
86.5,188,425,0
96.2,82,500,1
76.5,385,302,0
111.1,18,500,1
81.1,265,458,0
98.2,45,500,1
69.2,650,335,0
104.2,38,500,1
85.2,185,418,0
95.5,92,500,1
74.8,548,338,0
109.5,48,500,1
82.2,255,442,0
99.4,15,500,1
71.2,650,338,0
107.8,25,500,1
87.8,192,432,0
96.9,95,500,1
75.5,382,305,0
112.5,12,500,1
80.5,272,462,0
97.1,42,500,1
68.5,650,342,0
105.1,28,500,1
84.5,188,425,0
95.2,85,500,1
72.5,550,345,0
108.2,35,500,1
83.8,248,445,0
100.5,18,500,1
70.2,635,338,0
106.8,32,500,1
86.2,195,432,0
96.5,88,500,1
76.2,392,308,0
110.5,15,500,1
81.8,268,465,0
98.5,45,500,1
69.5,648,345,0
105.4,38,500,1
85.8,182,428,0
95.9,92,500,1
73.2,542,348,0
109.8,42,500,1
82.5,252,468,0
99.8,15,500,1
71.5,642,345,0
107.2,28,500,1
87.5,192,435,0
96.3,85,500,1
74.5,382,312,0
111.5,20,500,1
80.8,275,472,0
97.4,35,500,1
68.1,650,352,0
104.8,26,500,1
84.2,195,432,0
95.4,88,500,1
72.8,555,355,0
108.5,42,500,1
83.4,245,475,0
100.2,12,500,1
70.5,645,348,0
106.1,32,500,1
86.8,188,442,0
96.8,82,500,1
75.8,385,315,0
110.1,18,500,1
81.5,265,482,0
98.8,45,500,1
69.8,650,358,0
105.7,38,500,1
85.5,185,435,0
95.1,92,500,1
74.2,548,362,0
109.2,48,500,1
82.8,255,485,0
99.7,15,500,1
71.9,650,362,0
107.1,25,500,1
87.2,192,442,0
96.7,95,500,1
75.1,382,318,0
111.8,12,500,1
80.2,272,492,0
97.5,42,500,1
68.5,650,365,0
103.5,28,500,1
84.1,188,442,0
95.8,85,500,1
73.5,550,368,0
108.8,35,500,1
83.5,248,495,0
100.1,18,500,1
70.8,635,365,0
106.5,32,500,1
86.5,195,445,0
96.2,88,500,1
76.5,392,322,0
111.1,15,500,1
81.1,268,500,0
98.2,45,500,1
69.2,648,372,0
104.2,38,500,1
85.2,182,442,0
95.5,92,500,1
74.8,542,375,0
109.5,42,500,1
82.2,252,500,0
99.4,15,500,1
71.2,642,375,0
107.8,28,500,1
87.8,192,448,0
96.9,85,500,1
75.5,382,325,0
112.5,20,500,1
80.5,275,500,0
97.1,35,500,1
68.1,650,382,0
105.1,26,500,1
84.5,195,445,0
95.2,88,500,1
72.5,555,385,0
108.2,42,500,1
83.8,245,500,0
100.5,12,500,1
70.2,645,382,0
106.8,32,500,1
86.2,188,452,0
96.5,82,500,1
76.2,385,328,0
110.5,18,500,1
81.8,265,500,0
98.5,45,500,1
69.5,650,388,0
105.4,38,500,1
85.8,185,448,0
95.9,92,500,1
73.2,548,392,0
109.8,48,500,1
82.5,255,500,0
99.8,15,500,1
71.5,650,392,0
107.2,25,500,1
87.5,192,452,0
96.3,95,500,1
74.5,382,332,0
111.5,12,500,1
80.8,272,500,0
97.4,42,500,1
68.8,650,395,0
104.8,28,500,1
84.2,188,452,0
95.4,85,500,1
72.8,550,398,0
108.5,35,500,1
83.4,248,500,0
100.2,18,500,1
70.5,635,395,0
106.1,32,500,1
86.8,195,458,0
96.8,88,500,1
75.8,392,335,0
110.1,15,500,1
81.5,268,500,0
98.8,45,500,1
69.8,648,402,0
105.7,38,500,1
85.5,182,455,0
95.1,92,500,1
74.2,542,405,0
109.2,42,500,1
82.8,252,500,0
99.7,15,500,1
71.9,642,402,0
107.1,28,500,1
87.2,192,462,0
96.7,85,500,1
75.1,382,338,0
111.8,20,500,1
80.2,275,500,0
97.5,35,500,1